<resources xmlns:xliff="http://schemas.android.com/apk/res/android">

    <string name="app_name">Sunshine</string>

    <string name="action_settings">Settings</string>
    <string name="action_refresh" translatable="false">Refresh</string>
    <string name="action_map">Map location</string>
    <string name="action_share">Share</string>

    <string name="title_activity_detail">Details</string>

    <string name="pref_location_label">Location</string>
    <string name="pref_location_key" translatable="false">location</string>
    <string name="pref_location_default" translatable="false">37700,mx</string>
    <string name="pref_units_label">Units</string>
    <string name="pref_units_key" translateable="false">units</string>
    <string name="pref_units_metric" translatable="false">units</string>
    <string name="pref_units_imperial" translatable="false">imperial</string>
    <string name="pref_units_default" translatable="false">metric</string>
    <string name="pref_metric_label">Metric (\u2103)</string>
    <string name="pref_imperial_label">Imperial (\u2109)</string>
    <string name="degrees_c" translatable="false">\u2103</string>
    <string name="degrees_f" translatable="false">\u2109</string>
    <string name="degrees" translatable="false">\u00b0</string>

    <!-- Date label when displaying today's weather forecast [CHAR LIMIT=20] -->
    <string name="today">Today</string>

    <!-- Date label when displaying tomorrow's weather forecast [CHAR LIMIT=20] -->
    <string name="tomorrow">Tomorrow</string>

    <!-- Date format for displaying day of week and date (i.e. Mon Jun 1) [CHAR LIMIT=20] -->
    <string name="format_full_friendly_date"><xliff:g id="day">%1$s</xliff:g>, <xliff:g id="date">%2$s</xliff:g></string>

    <string-array name="pref_units_options">
        <item>@string/pref_metric_label</item>
        <item>@string/pref_imperial_label</item>
    </string-array>

    <string-array name="pref_units_values">
        <item>@string/pref_units_metric</item>
        <item>@string/pref_units_imperial</item>
    </string-array>

</resources>
